"fullName","gender","email","country"
"Charles Reynolds","male","charles.reynolds@example.com","Ireland"
"Isabelina Araújo","female","isabelina.araujo@example.com","Brazil"
"Alonso Lucero","male","alonso.lucero@example.com","Mexico"
"Enrico Vidal","male","enrico.vidal@example.com","Switzerland"
"Vassa Matviyishina","female","vassa.matviyishina@example.com","Ukraine"
"دانیال زارعی","male","dnyl.zraay@example.com","Iran"
"Oliver Ennis","male","oliver.ennis@example.com","Canada"
"Mariano Ozuna","male","mariano.ozuna@example.com","Mexico"
"Emilie Hansen","female","emilie.hansen@example.com","Denmark"
"Otto Niemi","male","otto.niemi@example.com","Finland"
"Jayden Slawa","male","jayden.slawa@example.com","Canada"
"Baptiste Leclercq","male","baptiste.leclercq@example.com","Switzerland"
"Sedef Nebioğlu","female","sedef.nebioglu@example.com","Turkey"
"Albina Le Gall","female","albina.legall@example.com","Switzerland"
"Vasil Doroshkevich","male","vasil.doroshkevich@example.com","Ukraine"
"Aloísio Rezende","male","aloisio.rezende@example.com","Brazil"
"Juliana Henry","female","juliana.henry@example.com","Switzerland"
"Leo Madsen","male","leo.madsen@example.com","Norway"
"Galileu Caldeira","male","galileu.caldeira@example.com","Brazil"
"Srđan Jeremić","male","srdan.jeremic@example.com","Serbia"
"Orandino Monteiro","male","orandino.monteiro@example.com","Brazil"
"Dragica Abramović","female","dragica.abramovic@example.com","Serbia"
"Ava Martinez","female","ava.martinez@example.com","France"
"Dorothé Schildmeijer","female","dorothe.schildmeijer@example.com","Netherlands"
"Namitha Rai","female","namitha.rai@example.com","India"
"Jurrit Van Teijlingen","male","jurrit.vanteijlingen@example.com","Netherlands"
"Jeanette Davis","female","jeanette.davis@example.com","Australia"
"Tess Martin","female","tess.martin@example.com","France"
"Agustín Gil","male","agustin.gil@example.com","Spain"
"Norbert Ritz","male","norbert.ritz@example.com","Germany"
"Eemil Kurtti","male","eemil.kurtti@example.com","Finland"
"Dhanashri Manjunath","female","dhanashri.manjunath@example.com","India"
"Auguste Gerard","male","auguste.gerard@example.com","France"
"Meral Çağıran","female","meral.cagiran@example.com","Turkey"
"Sigurd Baumgartner","male","sigurd.baumgartner@example.com","Germany"
"Lea Møller","female","lea.moller@example.com","Denmark"
"Eugenio Lebrón","male","eugenio.lebron@example.com","Mexico"
"Freja Rasmussen","female","freja.rasmussen@example.com","Denmark"
"Joshua Daniels","male","joshua.daniels@example.com","Ireland"
"Silje Larsen","female","silje.larsen@example.com","Denmark"
"Emma Mccoy","female","emma.mccoy@example.com","Australia"
"Brajko Sakić","male","brajko.sakic@example.com","Serbia"
"Osipa Rop'yanik","female","osipa.rop'yanik@example.com","Ukraine"
"Tracey Mitchell","female","tracey.mitchell@example.com","Ireland"
"Nikola Miller","female","nikola.miller@example.com","Norway"
"Jesse Arola","male","jesse.arola@example.com","Finland"
"Vilma Kallio","female","vilma.kallio@example.com","Finland"
"Randi Van Leuven","female","randi.vanleuven@example.com","Netherlands"
"Noah Christensen","male","noah.christensen@example.com","Denmark"
"Berta Salinas","female","berta.salinas@example.com","Mexico"
"Ramon Hart","male","ramon.hart@example.com","Australia"
"Sedef Kıraç","female","sedef.kirac@example.com","Turkey"
"Debra Watts","female","debra.watts@example.com","Australia"
"Julie Harris","female","julie.harris@example.com","United States"
"Lyubomira Iednak","female","lyubomira.iednak@example.com","Ukraine"
"Matthäus Spies","male","matthaus.spies@example.com","Germany"
"Faraj Kouser","male","faraj.kouser@example.com","India"
"Capucine Louis","female","capucine.louis@example.com","France"
"Julián Moya","male","julian.moya@example.com","Spain"
"Abdullahi Sævik","male","abdullahi.saevik@example.com","Norway"
"Carter Li","male","carter.li@example.com","Canada"
"Kajus Huus","male","kajus.huus@example.com","Norway"
"Júnio Alves","male","junio.alves@example.com","Brazil"
"Pedro Lewis","male","pedro.lewis@example.com","Australia"
"Meinrad Steinbach","male","meinrad.steinbach@example.com","Germany"
"Lucie Adam","female","lucie.adam@example.com","France"
"Claire Jones","female","claire.jones@example.com","United States"
"Willie Mason","female","willie.mason@example.com","United States"
"Jeannette Stauch","female","jeannette.stauch@example.com","Germany"
"Ida Møller","female","ida.moller@example.com","Denmark"
"Eleanor Clark","female","eleanor.clark@example.com","Ireland"
"Phillip James","male","phillip.james@example.com","Ireland"
"Gonca Durak","female","gonca.durak@example.com","Turkey"
"Simon Kristensen","male","simon.kristensen@example.com","Denmark"
"Dobroslav Yavorovskiy","male","dobroslav.yavorovskiy@example.com","Ukraine"
"Bruna Lambert","female","bruna.lambert@example.com","Switzerland"
"Katharine Neugebauer","female","katharine.neugebauer@example.com","Germany"
"Kenan Tahincioğlu","male","kenan.tahincioglu@example.com","Turkey"
"Isabella Morin","female","isabella.morin@example.com","Canada"
"Charles Lefebvre","male","charles.lefebvre@example.com","Switzerland"
"Ece Kuzucu","female","ece.kuzucu@example.com","Turkey"
"Sheila Taylor","female","sheila.taylor@example.com","United States"
"مرسانا محمدخان","female","mrsn.mhmdkhn@example.com","Iran"
"Emilia Kinnunen","female","emilia.kinnunen@example.com","Finland"
"Wallace Hughes","male","wallace.hughes@example.com","United States"
"Ellen Fisher","female","ellen.fisher@example.com","United Kingdom"
"Alolika Pai","female","alolika.pai@example.com","India"
"Cooper Wright","male","cooper.wright@example.com","New Zealand"
"David Carbajal","male","david.carbajal@example.com","Mexico"
"Ievgeniya Tishchik","female","ievgeniya.tishchik@example.com","Ukraine"
"Melina Fernandes","female","melina.fernandes@example.com","Brazil"
"Sophia Crawford","female","sophia.crawford@example.com","United States"
"پرهام زارعی","male","prhm.zraay@example.com","Iran"
"Amol Padmanabha","male","amol.padmanabha@example.com","India"
"Valentine Moreau","female","valentine.moreau@example.com","France"
"Evdokija Kovač","female","evdokija.kovac@example.com","Serbia"
"Anica Babić","female","anica.babic@example.com","Serbia"
"Rhonda Stewart","female","rhonda.stewart@example.com","Australia"
"Blanca Moreno","female","blanca.moreno@example.com","Spain"
"Katie Jennings","female","katie.jennings@example.com","Australia"